date	close	company
3-Jan-05	451000	KRX005930
4-Jan-05	447000	KRX005930
5-Jan-05	443000	KRX005930
6-Jan-05	435000	KRX005930
7-Jan-05	440500	KRX005930
10-Jan-05	438000	KRX005930
11-Jan-05	442000	KRX005930
12-Jan-05	442000	KRX005930
13-Jan-05	444000	KRX005930
14-Jan-05	471500	KRX005930
17-Jan-05	492500	KRX005930
18-Jan-05	486000	KRX005930
19-Jan-05	480000	KRX005930
20-Jan-05	480000	KRX005930
21-Jan-05	486000	KRX005930
24-Jan-05	488000	KRX005930
25-Jan-05	483500	KRX005930
26-Jan-05	490500	KRX005930
27-Jan-05	492000	KRX005930
28-Jan-05	489000	KRX005930
31-Jan-05	495000	KRX005930
1-Feb-05	491500	KRX005930
2-Feb-05	490500	KRX005930
3-Feb-05	496000	KRX005930
4-Feb-05	495500	KRX005930
7-Feb-05	510000	KRX005930
8-Feb-05	510000	KRX005930
9-Feb-05	510000	KRX005930
10-Feb-05	510000	KRX005930
11-Feb-05	506000	KRX005930
14-Feb-05	517000	KRX005930
15-Feb-05	519000	KRX005930
16-Feb-05	520000	KRX005930
17-Feb-05	517000	KRX005930
18-Feb-05	527000	KRX005930
21-Feb-05	528000	KRX005930
22-Feb-05	522000	KRX005930
23-Feb-05	511000	KRX005930
24-Feb-05	519000	KRX005930
25-Feb-05	522000	KRX005930
28-Feb-05	527000	KRX005930
1-Mar-05	527000	KRX005930
2-Mar-05	517000	KRX005930
3-Mar-05	519000	KRX005930
4-Mar-05	510000	KRX005930
7-Mar-05	507000	KRX005930
8-Mar-05	502000	KRX005930
9-Mar-05	500000	KRX005930
10-Mar-05	499500	KRX005930
11-Mar-05	519000	KRX005930
14-Mar-05	510000	KRX005930
15-Mar-05	502000	KRX005930
16-Mar-05	503000	KRX005930
17-Mar-05	496000	KRX005930
18-Mar-05	495000	KRX005930
21-Mar-05	492000	KRX005930
22-Mar-05	496000	KRX005930
23-Mar-05	498500	KRX005930
24-Mar-05	503000	KRX005930
25-Mar-05	505000	KRX005930
28-Mar-05	510000	KRX005930
29-Mar-05	502000	KRX005930
30-Mar-05	498000	KRX005930
31-Mar-05	502000	KRX005930
1-Apr-05	512000	KRX005930
4-Apr-05	517000	KRX005930
5-Apr-05	517000	KRX005930
6-Apr-05	518000	KRX005930
7-Apr-05	518000	KRX005930
8-Apr-05	522000	KRX005930
11-Apr-05	517000	KRX005930
12-Apr-05	520000	KRX005930
13-Apr-05	518000	KRX005930
14-Apr-05	502000	KRX005930
15-Apr-05	491500	KRX005930
18-Apr-05	476000	KRX005930
19-Apr-05	474000	KRX005930
20-Apr-05	470000	KRX005930
21-Apr-05	466000	KRX005930
22-Apr-05	467000	KRX005930
25-Apr-05	474500	KRX005930
26-Apr-05	471000	KRX005930
27-Apr-05	464000	KRX005930
28-Apr-05	460000	KRX005930
29-Apr-05	452000	KRX005930
2-May-05	455500	KRX005930
3-May-05	455000	KRX005930
4-May-05	464500	KRX005930
5-May-05	464500	KRX005930
6-May-05	474000	KRX005930
9-May-05	475000	KRX005930
10-May-05	477000	KRX005930
11-May-05	472000	KRX005930
12-May-05	475000	KRX005930
13-May-05	481500	KRX005930
16-May-05	488000	KRX005930
17-May-05	489500	KRX005930
18-May-05	489500	KRX005930
19-May-05	498500	KRX005930
20-May-05	498500	KRX005930
23-May-05	498000	KRX005930
24-May-05	495000	KRX005930
25-May-05	484500	KRX005930
26-May-05	482000	KRX005930
27-May-05	490000	KRX005930
30-May-05	493500	KRX005930
31-May-05	489000	KRX005930
1-Jun-05	489000	KRX005930
2-Jun-05	487500	KRX005930
3-Jun-05	488000	KRX005930
6-Jun-05	488000	KRX005930
7-Jun-05	480500	KRX005930
8-Jun-05	477500	KRX005930
9-Jun-05	480000	KRX005930
10-Jun-05	491500	KRX005930
13-Jun-05	498000	KRX005930
14-Jun-05	496500	KRX005930
15-Jun-05	500000	KRX005930
16-Jun-05	498500	KRX005930
17-Jun-05	493500	KRX005930
20-Jun-05	490500	KRX005930
21-Jun-05	488000	KRX005930
22-Jun-05	493000	KRX005930
23-Jun-05	498000	KRX005930
24-Jun-05	491000	KRX005930
27-Jun-05	488500	KRX005930
28-Jun-05	489500	KRX005930
29-Jun-05	490000	KRX005930
30-Jun-05	494000	KRX005930
1-Jul-05	501000	KRX005930
4-Jul-05	503000	KRX005930
5-Jul-05	502000	KRX005930
6-Jul-05	504000	KRX005930
7-Jul-05	516000	KRX005930
8-Jul-05	516000	KRX005930
11-Jul-05	533000	KRX005930
12-Jul-05	541000	KRX005930
13-Jul-05	547000	KRX005930
14-Jul-05	547000	KRX005930
15-Jul-05	542000	KRX005930
18-Jul-05	549000	KRX005930
19-Jul-05	561000	KRX005930
20-Jul-05	558000	KRX005930
21-Jul-05	563000	KRX005930
22-Jul-05	552000	KRX005930
25-Jul-05	555000	KRX005930
26-Jul-05	551000	KRX005930
27-Jul-05	551000	KRX005930
28-Jul-05	560000	KRX005930
29-Jul-05	565000	KRX005930
1-Aug-05	569000	KRX005930
2-Aug-05	568000	KRX005930
3-Aug-05	568000	KRX005930
4-Aug-05	566000	KRX005930
5-Aug-05	553000	KRX005930
8-Aug-05	551000	KRX005930
9-Aug-05	550000	KRX005930
10-Aug-05	555000	KRX005930
11-Aug-05	567000	KRX005930
12-Aug-05	578000	KRX005930
15-Aug-05	578000	KRX005930
16-Aug-05	572000	KRX005930
17-Aug-05	572000	KRX005930
18-Aug-05	555000	KRX005930
19-Aug-05	553000	KRX005930
22-Aug-05	563000	KRX005930
23-Aug-05	562000	KRX005930
24-Aug-05	556000	KRX005930
25-Aug-05	552000	KRX005930
26-Aug-05	549000	KRX005930
29-Aug-05	540000	KRX005930
30-Aug-05	541000	KRX005930
31-Aug-05	544000	KRX005930
1-Sep-05	549000	KRX005930
2-Sep-05	554000	KRX005930
5-Sep-05	561000	KRX005930
6-Sep-05	569000	KRX005930
7-Sep-05	579000	KRX005930
8-Sep-05	587000	KRX005930
9-Sep-05	589000	KRX005930
12-Sep-05	589000	KRX005930
13-Sep-05	606000	KRX005930
14-Sep-05	613000	KRX005930
15-Sep-05	607000	KRX005930
16-Sep-05	593000	KRX005930
19-Sep-05	593000	KRX005930
20-Sep-05	593000	KRX005930
21-Sep-05	601000	KRX005930
22-Sep-05	600000	KRX005930
23-Sep-05	585000	KRX005930
26-Sep-05	597000	KRX005930
27-Sep-05	593000	KRX005930
28-Sep-05	598000	KRX005930
29-Sep-05	593000	KRX005930
30-Sep-05	588000	KRX005930
3-Oct-05	588000	KRX005930
4-Oct-05	603000	KRX005930
5-Oct-05	601000	KRX005930
6-Oct-05	587000	KRX005930
7-Oct-05	583000	KRX005930
10-Oct-05	593000	KRX005930
11-Oct-05	598000	KRX005930
12-Oct-05	578000	KRX005930
13-Oct-05	565000	KRX005930
14-Oct-05	565000	KRX005930
17-Oct-05	563000	KRX005930
18-Oct-05	566000	KRX005930
19-Oct-05	552000	KRX005930
20-Oct-05	556000	KRX005930
21-Oct-05	564000	KRX005930
24-Oct-05	566000	KRX005930
25-Oct-05	565000	KRX005930
26-Oct-05	563000	KRX005930
27-Oct-05	558000	KRX005930
28-Oct-05	546000	KRX005930
31-Oct-05	553000	KRX005930
1-Nov-05	565000	KRX005930
2-Nov-05	575000	KRX005930
3-Nov-05	587000	KRX005930
4-Nov-05	599000	KRX005930
7-Nov-05	598000	KRX005930
8-Nov-05	602000	KRX005930
9-Nov-05	600000	KRX005930
10-Nov-05	605000	KRX005930
11-Nov-05	618000	KRX005930
14-Nov-05	626000	KRX005930
15-Nov-05	620000	KRX005930
16-Nov-05	630000	KRX005930
17-Nov-05	624000	KRX005930
18-Nov-05	626000	KRX005930
21-Nov-05	618000	KRX005930
22-Nov-05	592000	KRX005930
23-Nov-05	607000	KRX005930
24-Nov-05	608000	KRX005930
25-Nov-05	600000	KRX005930
28-Nov-05	601000	KRX005930
29-Nov-05	594000	KRX005930
30-Nov-05	600000	KRX005930
1-Dec-05	605000	KRX005930
2-Dec-05	617000	KRX005930
5-Dec-05	623000	KRX005930
6-Dec-05	630000	KRX005930
7-Dec-05	639000	KRX005930
8-Dec-05	632000	KRX005930
9-Dec-05	621000	KRX005930
12-Dec-05	618000	KRX005930
13-Dec-05	620000	KRX005930
14-Dec-05	611000	KRX005930
15-Dec-05	609000	KRX005930
16-Dec-05	600000	KRX005930
19-Dec-05	609000	KRX005930
20-Dec-05	612000	KRX005930
21-Dec-05	628000	KRX005930
22-Dec-05	634000	KRX005930
23-Dec-05	645000	KRX005930
26-Dec-05	654000	KRX005930
27-Dec-05	661000	KRX005930
28-Dec-05	661000	KRX005930
29-Dec-05	658000	KRX005930
2-Jan-06	660000	KRX005930
3-Jan-06	664000	KRX005930
4-Jan-06	697000	KRX005930
5-Jan-06	679000	KRX005930
6-Jan-06	684000	KRX005930
9-Jan-06	687000	KRX005930
10-Jan-06	701000	KRX005930
11-Jan-06	684000	KRX005930
12-Jan-06	686000	KRX005930
13-Jan-06	692000	KRX005930
16-Jan-06	706000	KRX005930
17-Jan-06	697000	KRX005930
18-Jan-06	680000	KRX005930
19-Jan-06	690000	KRX005930
20-Jan-06	687000	KRX005930
23-Jan-06	685000	KRX005930
24-Jan-06	697000	KRX005930
25-Jan-06	711000	KRX005930
26-Jan-06	717000	KRX005930
27-Jan-06	720000	KRX005930
31-Jan-06	740000	KRX005930
1-Feb-06	729000	KRX005930
2-Feb-06	725000	KRX005930
3-Feb-06	704000	KRX005930
6-Feb-06	706000	KRX005930
7-Feb-06	706000	KRX005930
8-Feb-06	691000	KRX005930
9-Feb-06	693000	KRX005930
10-Feb-06	687000	KRX005930
13-Feb-06	675000	KRX005930
14-Feb-06	673000	KRX005930
15-Feb-06	654000	KRX005930
16-Feb-06	657000	KRX005930
17-Feb-06	673000	KRX005930
20-Feb-06	683000	KRX005930
21-Feb-06	673000	KRX005930
22-Feb-06	670000	KRX005930
23-Feb-06	681000	KRX005930
24-Feb-06	677000	KRX005930
27-Feb-06	691000	KRX005930
28-Feb-06	687000	KRX005930
2-Mar-06	693000	KRX005930
3-Mar-06	654000	KRX005930
6-Mar-06	658000	KRX005930
7-Mar-06	630000	KRX005930
8-Mar-06	623000	KRX005930
9-Mar-06	618000	KRX005930
10-Mar-06	622000	KRX005930
13-Mar-06	632000	KRX005930
14-Mar-06	624000	KRX005930
15-Mar-06	630000	KRX005930
16-Mar-06	632000	KRX005930
17-Mar-06	637000	KRX005930
20-Mar-06	639000	KRX005930
21-Mar-06	634000	KRX005930
22-Mar-06	614000	KRX005930
23-Mar-06	608000	KRX005930
24-Mar-06	609000	KRX005930
27-Mar-06	625000	KRX005930
28-Mar-06	628000	KRX005930
29-Mar-06	626000	KRX005930
30-Mar-06	623000	KRX005930
31-Mar-06	630000	KRX005930
3-Apr-06	644000	KRX005930
4-Apr-06	653000	KRX005930
5-Apr-06	649000	KRX005930
6-Apr-06	658000	KRX005930
7-Apr-06	654000	KRX005930
10-Apr-06	642000	KRX005930
11-Apr-06	635000	KRX005930
12-Apr-06	630000	KRX005930
13-Apr-06	637000	KRX005930
14-Apr-06	656000	KRX005930
17-Apr-06	649000	KRX005930
18-Apr-06	658000	KRX005930
19-Apr-06	665000	KRX005930
20-Apr-06	663000	KRX005930
21-Apr-06	690000	KRX005930
24-Apr-06	673000	KRX005930
25-Apr-06	660000	KRX005930
26-Apr-06	668000	KRX005930
27-Apr-06	664000	KRX005930
28-Apr-06	644000	KRX005930
2-May-06	649000	KRX005930
3-May-06	639000	KRX005930
4-May-06	646000	KRX005930
8-May-06	655000	KRX005930
9-May-06	661000	KRX005930
10-May-06	655000	KRX005930
11-May-06	663000	KRX005930
12-May-06	654000	KRX005930
15-May-06	650000	KRX005930
16-May-06	641000	KRX005930
17-May-06	655000	KRX005930
18-May-06	641000	KRX005930
19-May-06	638000	KRX005930
22-May-06	638000	KRX005930
23-May-06	630000	KRX005930
24-May-06	630000	KRX005930
25-May-06	615000	KRX005930
26-May-06	621000	KRX005930
29-May-06	622000	KRX005930
30-May-06	613000	KRX005930
31-May-06	622000	KRX005930
1-Jun-06	606000	KRX005930
2-Jun-06	614000	KRX005930
5-Jun-06	613000	KRX005930
7-Jun-06	600000	KRX005930
8-Jun-06	577000	KRX005930
9-Jun-06	575000	KRX005930
12-Jun-06	574000	KRX005930
13-Jun-06	549000	KRX005930
14-Jun-06	553000	KRX005930
15-Jun-06	555000	KRX005930
16-Jun-06	571000	KRX005930
19-Jun-06	565000	KRX005930
20-Jun-06	556000	KRX005930
21-Jun-06	557000	KRX005930
22-Jun-06	566000	KRX005930
23-Jun-06	568000	KRX005930
26-Jun-06	582000	KRX005930
27-Jun-06	583000	KRX005930
28-Jun-06	580000	KRX005930
29-Jun-06	590000	KRX005930
30-Jun-06	603000	KRX005930
3-Jul-06	605000	KRX005930
4-Jul-06	601000	KRX005930
5-Jul-06	603000	KRX005930
6-Jul-06	598000	KRX005930
7-Jul-06	601000	KRX005930
10-Jul-06	606000	KRX005930
11-Jul-06	608000	KRX005930
12-Jul-06	608000	KRX005930
13-Jul-06	600000	KRX005930
14-Jul-06	584000	KRX005930
18-Jul-06	582000	KRX005930
19-Jul-06	580000	KRX005930
20-Jul-06	598000	KRX005930
21-Jul-06	594000	KRX005930
24-Jul-06	590000	KRX005930
25-Jul-06	598000	KRX005930
26-Jul-06	599000	KRX005930
27-Jul-06	604000	KRX005930
28-Jul-06	601000	KRX005930
31-Jul-06	608000	KRX005930
1-Aug-06	605000	KRX005930
2-Aug-06	608000	KRX005930
3-Aug-06	610000	KRX005930
4-Aug-06	615000	KRX005930
7-Aug-06	606000	KRX005930
8-Aug-06	615000	KRX005930
9-Aug-06	616000	KRX005930
10-Aug-06	612000	KRX005930
11-Aug-06	607000	KRX005930
14-Aug-06	605000	KRX005930
16-Aug-06	618000	KRX005930
17-Aug-06	644000	KRX005930
18-Aug-06	656000	KRX005930
21-Aug-06	657000	KRX005930
22-Aug-06	658000	KRX005930
23-Aug-06	646000	KRX005930
24-Aug-06	636000	KRX005930
25-Aug-06	646000	KRX005930
28-Aug-06	643000	KRX005930
29-Aug-06	659000	KRX005930
30-Aug-06	655000	KRX005930
31-Aug-06	650000	KRX005930
1-Sep-06	653000	KRX005930
4-Sep-06	658000	KRX005930
5-Sep-06	658000	KRX005930
6-Sep-06	654000	KRX005930
7-Sep-06	649000	KRX005930
8-Sep-06	647000	KRX005930
11-Sep-06	636000	KRX005930
12-Sep-06	632000	KRX005930
13-Sep-06	642000	KRX005930
14-Sep-06	655000	KRX005930
15-Sep-06	656000	KRX005930
18-Sep-06	673000	KRX005930
19-Sep-06	672000	KRX005930
20-Sep-06	667000	KRX005930
21-Sep-06	665000	KRX005930
22-Sep-06	654000	KRX005930
25-Sep-06	653000	KRX005930
26-Sep-06	651000	KRX005930
27-Sep-06	663000	KRX005930
28-Sep-06	668000	KRX005930
29-Sep-06	664000	KRX005930
2-Oct-06	665000	KRX005930
4-Oct-06	648000	KRX005930
9-Oct-06	635000	KRX005930
10-Oct-06	642000	KRX005930
11-Oct-06	641000	KRX005930
12-Oct-06	639000	KRX005930
13-Oct-06	644000	KRX005930
16-Oct-06	650000	KRX005930
17-Oct-06	647000	KRX005930
18-Oct-06	642000	KRX005930
19-Oct-06	636000	KRX005930
20-Oct-06	632000	KRX005930
23-Oct-06	625000	KRX005930
24-Oct-06	627000	KRX005930
25-Oct-06	625000	KRX005930
26-Oct-06	629000	KRX005930
27-Oct-06	620000	KRX005930
30-Oct-06	609000	KRX005930
31-Oct-06	611000	KRX005930
1-Nov-06	615000	KRX005930
2-Nov-06	614000	KRX005930
3-Nov-06	611000	KRX005930
6-Nov-06	605000	KRX005930
7-Nov-06	609000	KRX005930
8-Nov-06	615000	KRX005930
9-Nov-06	631000	KRX005930
10-Nov-06	629000	KRX005930
13-Nov-06	640000	KRX005930
14-Nov-06	647000	KRX005930
15-Nov-06	662000	KRX005930
16-Nov-06	657000	KRX005930
17-Nov-06	657000	KRX005930
20-Nov-06	652000	KRX005930
21-Nov-06	650000	KRX005930
22-Nov-06	660000	KRX005930
23-Nov-06	654000	KRX005930
24-Nov-06	652000	KRX005930
27-Nov-06	642000	KRX005930
28-Nov-06	633000	KRX005930
29-Nov-06	631000	KRX005930
30-Nov-06	640000	KRX005930
1-Dec-06	640000	KRX005930
4-Dec-06	641000	KRX005930
5-Dec-06	638000	KRX005930
6-Dec-06	635000	KRX005930
7-Dec-06	626000	KRX005930
8-Dec-06	612000	KRX005930
11-Dec-06	604000	KRX005930
12-Dec-06	600000	KRX005930
13-Dec-06	605000	KRX005930
14-Dec-06	613000	KRX005930
15-Dec-06	609000	KRX005930
18-Dec-06	610000	KRX005930
19-Dec-06	609000	KRX005930
20-Dec-06	617000	KRX005930
21-Dec-06	617000	KRX005930
22-Dec-06	611000	KRX005930
26-Dec-06	607000	KRX005930
27-Dec-06	614000	KRX005930
28-Dec-06	613000	KRX005930
2-Jan-07	626000	KRX005930
3-Jan-07	614000	KRX005930
4-Jan-07	606000	KRX005930
5-Jan-07	595000	KRX005930
8-Jan-07	584000	KRX005930
9-Jan-07	586000	KRX005930
10-Jan-07	578000	KRX005930
11-Jan-07	583000	KRX005930
12-Jan-07	606000	KRX005930
15-Jan-07	612000	KRX005930
16-Jan-07	613000	KRX005930
17-Jan-07	602000	KRX005930
18-Jan-07	594000	KRX005930
19-Jan-07	585000	KRX005930
22-Jan-07	591000	KRX005930
23-Jan-07	594000	KRX005930
24-Jan-07	602000	KRX005930
25-Jan-07	603000	KRX005930
26-Jan-07	588000	KRX005930
29-Jan-07	578000	KRX005930
30-Jan-07	585000	KRX005930
31-Jan-07	580000	KRX005930
1-Feb-07	579000	KRX005930
2-Feb-07	588000	KRX005930
5-Feb-07	586000	KRX005930
6-Feb-07	587000	KRX005930
7-Feb-07	586000	KRX005930
8-Feb-07	583000	KRX005930
9-Feb-07	583000	KRX005930
12-Feb-07	572000	KRX005930
13-Feb-07	562000	KRX005930
14-Feb-07	567000	KRX005930
15-Feb-07	575000	KRX005930
16-Feb-07	592000	KRX005930
20-Feb-07	600000	KRX005930
21-Feb-07	606000	KRX005930
22-Feb-07	602000	KRX005930
23-Feb-07	592000	KRX005930
26-Feb-07	583000	KRX005930
27-Feb-07	581000	KRX005930
28-Feb-07	570000	KRX005930
1-Mar-07	567000	KRX005930
5-Mar-07	565000	KRX005930
6-Mar-07	571000	KRX005930
7-Mar-07	570000	KRX005930
8-Mar-07	577000	KRX005930
9-Mar-07	587000	KRX005930
12-Mar-07	602000	KRX005930
13-Mar-07	600000	KRX005930
14-Mar-07	584000	KRX005930
15-Mar-07	586000	KRX005930
16-Mar-07	589000	KRX005930
19-Mar-07	587000	KRX005930
20-Mar-07	579000	KRX005930
21-Mar-07	579000	KRX005930
22-Mar-07	582000	KRX005930
23-Mar-07	580000	KRX005930
26-Mar-07	584000	KRX005930
27-Mar-07	580000	KRX005930
28-Mar-07	572000	KRX005930
29-Mar-07	569000	KRX005930
30-Mar-07	563000	KRX005930
2-Apr-07	566000	KRX005930
3-Apr-07	574000	KRX005930
4-Apr-07	595000	KRX005930
5-Apr-07	593000	KRX005930
6-Apr-07	587000	KRX005930
9-Apr-07	584000	KRX005930
10-Apr-07	578000	KRX005930
11-Apr-07	599000	KRX005930
12-Apr-07	604000	KRX005930
13-Apr-07	602000	KRX005930
16-Apr-07	593000	KRX005930
17-Apr-07	593000	KRX005930
18-Apr-07	583000	KRX005930
19-Apr-07	572000	KRX005930
20-Apr-07	573000	KRX005930
23-Apr-07	570000	KRX005930
24-Apr-07	571000	KRX005930
25-Apr-07	564000	KRX005930
26-Apr-07	580000	KRX005930
27-Apr-07	580000	KRX005930
30-Apr-07	574000	KRX005930
2-May-07	575000	KRX005930
3-May-07	574000	KRX005930
4-May-07	576000	KRX005930
7-May-07	587000	KRX005930
8-May-07	582000	KRX005930
9-May-07	580000	KRX005930
10-May-07	575000	KRX005930
11-May-07	573000	KRX005930
14-May-07	574000	KRX005930
15-May-07	573000	KRX005930
16-May-07	570000	KRX005930
17-May-07	566000	KRX005930
18-May-07	554000	KRX005930
21-May-07	552000	KRX005930
22-May-07	565000	KRX005930
23-May-07	562000	KRX005930
25-May-07	552000	KRX005930
28-May-07	548000	KRX005930
29-May-07	537000	KRX005930
30-May-07	532000	KRX005930
31-May-07	535000	KRX005930
1-Jun-07	556000	KRX005930
4-Jun-07	572000	KRX005930
5-Jun-07	571000	KRX005930
7-Jun-07	569000	KRX005930
8-Jun-07	572000	KRX005930
11-Jun-07	578000	KRX005930
12-Jun-07	578000	KRX005930
13-Jun-07	573000	KRX005930
14-Jun-07	581000	KRX005930
15-Jun-07	574000	KRX005930
18-Jun-07	589000	KRX005930
19-Jun-07	585000	KRX005930
20-Jun-07	577000	KRX005930
21-Jun-07	589000	KRX005930
22-Jun-07	591000	KRX005930
25-Jun-07	588000	KRX005930
26-Jun-07	588000	KRX005930
27-Jun-07	581000	KRX005930
28-Jun-07	578000	KRX005930
29-Jun-07	566000	KRX005930
2-Jul-07	566000	KRX005930
3-Jul-07	571000	KRX005930
4-Jul-07	578000	KRX005930
5-Jul-07	591000	KRX005930
6-Jul-07	627000	KRX005930
9-Jul-07	643000	KRX005930
10-Jul-07	629000	KRX005930
11-Jul-07	635000	KRX005930
12-Jul-07	646000	KRX005930
13-Jul-07	687000	KRX005930
16-Jul-07	650000	KRX005930
18-Jul-07	640000	KRX005930
19-Jul-07	636000	KRX005930
20-Jul-07	661000	KRX005930
23-Jul-07	658000	KRX005930
24-Jul-07	654000	KRX005930
25-Jul-07	648000	KRX005930
26-Jul-07	626000	KRX005930
27-Jul-07	596000	KRX005930
30-Jul-07	610000	KRX005930
31-Jul-07	614000	KRX005930
1-Aug-07	581000	KRX005930
2-Aug-07	590000	KRX005930
3-Aug-07	590000	KRX005930
6-Aug-07	584000	KRX005930
7-Aug-07	584000	KRX005930
8-Aug-07	602000	KRX005930
9-Aug-07	621000	KRX005930
10-Aug-07	603000	KRX005930
13-Aug-07	613000	KRX005930
14-Aug-07	612000	KRX005930
16-Aug-07	580000	KRX005930
17-Aug-07	572000	KRX005930
20-Aug-07	590000	KRX005930
21-Aug-07	592000	KRX005930
22-Aug-07	594000	KRX005930
23-Aug-07	599000	KRX005930
24-Aug-07	586000	KRX005930
27-Aug-07	577000	KRX005930
28-Aug-07	576000	KRX005930
29-Aug-07	562000	KRX005930
30-Aug-07	572000	KRX005930
31-Aug-07	591000	KRX005930
3-Sep-07	576000	KRX005930
4-Sep-07	575000	KRX005930
5-Sep-07	569000	KRX005930
6-Sep-07	575000	KRX005930
7-Sep-07	575000	KRX005930
10-Sep-07	563000	KRX005930
11-Sep-07	567000	KRX005930
12-Sep-07	560000	KRX005930
13-Sep-07	562000	KRX005930
14-Sep-07	556000	KRX005930
17-Sep-07	545000	KRX005930
18-Sep-07	542000	KRX005930
19-Sep-07	552000	KRX005930
20-Sep-07	546000	KRX005930
21-Sep-07	534000	KRX005930
27-Sep-07	558000	KRX005930
28-Sep-07	575000	KRX005930
1-Oct-07	573000	KRX005930
2-Oct-07	579000	KRX005930
4-Oct-07	565000	KRX005930
5-Oct-07	553000	KRX005930
8-Oct-07	551000	KRX005930
9-Oct-07	537000	KRX005930
10-Oct-07	552000	KRX005930
11-Oct-07	555000	KRX005930
12-Oct-07	557000	KRX005930
15-Oct-07	542000	KRX005930
16-Oct-07	515000	KRX005930
17-Oct-07	515000	KRX005930
18-Oct-07	522000	KRX005930
19-Oct-07	540000	KRX005930
22-Oct-07	522000	KRX005930
23-Oct-07	522000	KRX005930
24-Oct-07	513000	KRX005930
25-Oct-07	507000	KRX005930
26-Oct-07	532000	KRX005930
29-Oct-07	545000	KRX005930
30-Oct-07	544000	KRX005930
31-Oct-07	550000	KRX005930
1-Nov-07	549000	KRX005930
2-Nov-07	540000	KRX005930
5-Nov-07	528000	KRX005930
6-Nov-07	548000	KRX005930
7-Nov-07	570000	KRX005930
8-Nov-07	536000	KRX005930
9-Nov-07	540000	KRX005930
12-Nov-07	532000	KRX005930
13-Nov-07	532000	KRX005930
14-Nov-07	547000	KRX005930
15-Nov-07	570000	KRX005930
16-Nov-07	557000	KRX005930
19-Nov-07	541000	KRX005930
20-Nov-07	531000	KRX005930
21-Nov-07	515000	KRX005930
22-Nov-07	539000	KRX005930
23-Nov-07	557000	KRX005930
26-Nov-07	563000	KRX005930
27-Nov-07	539000	KRX005930
28-Nov-07	544000	KRX005930
29-Nov-07	567000	KRX005930
30-Nov-07	565000	KRX005930
3-Dec-07	566000	KRX005930
4-Dec-07	575000	KRX005930
5-Dec-07	582000	KRX005930
6-Dec-07	612000	KRX005930
7-Dec-07	608000	KRX005930
10-Dec-07	614000	KRX005930
11-Dec-07	603000	KRX005930
12-Dec-07	598000	KRX005930
13-Dec-07	590000	KRX005930
14-Dec-07	581000	KRX005930
17-Dec-07	560000	KRX005930
18-Dec-07	560000	KRX005930
20-Dec-07	559000	KRX005930
21-Dec-07	560000	KRX005930
24-Dec-07	578000	KRX005930
26-Dec-07	576000	KRX005930
27-Dec-07	570000	KRX005930
28-Dec-07	556000	KRX005930
2-Jan-08	544000	KRX005930
3-Jan-08	546000	KRX005930
4-Jan-08	539000	KRX005930
7-Jan-08	519000	KRX005930
8-Jan-08	516000	KRX005930
9-Jan-08	525000	KRX005930
10-Jan-08	516000	KRX005930
11-Jan-08	516000	KRX005930
14-Jan-08	525000	KRX005930
15-Jan-08	532000	KRX005930
16-Jan-08	530000	KRX005930
17-Jan-08	560000	KRX005930
18-Jan-08	567000	KRX005930
21-Jan-08	564000	KRX005930
22-Jan-08	536000	KRX005930
23-Jan-08	540000	KRX005930
24-Jan-08	556000	KRX005930
25-Jan-08	561000	KRX005930
28-Jan-08	539000	KRX005930
29-Jan-08	558000	KRX005930
30-Jan-08	571000	KRX005930
31-Jan-08	595000	KRX005930
1-Feb-08	586000	KRX005930
4-Feb-08	612000	KRX005930
5-Feb-08	613000	KRX005930
11-Feb-08	584000	KRX005930
12-Feb-08	573000	KRX005930
13-Feb-08	574000	KRX005930
14-Feb-08	593000	KRX005930
15-Feb-08	586000	KRX005930
18-Feb-08	577000	KRX005930
19-Feb-08	587000	KRX005930
20-Feb-08	578000	KRX005930
21-Feb-08	594000	KRX005930
22-Feb-08	582000	KRX005930
25-Feb-08	581000	KRX005930
26-Feb-08	571000	KRX005930
27-Feb-08	578000	KRX005930
28-Feb-08	580000	KRX005930
29-Feb-08	560000	KRX005930
3-Mar-08	549000	KRX005930
4-Mar-08	552000	KRX005930
5-Mar-08	562000	KRX005930
6-Mar-08	562000	KRX005930
7-Mar-08	550000	KRX005930
10-Mar-08	554000	KRX005930
11-Mar-08	555000	KRX005930
12-Mar-08	560000	KRX005930
13-Mar-08	550000	KRX005930
14-Mar-08	547000	KRX005930
17-Mar-08	550000	KRX005930
18-Mar-08	568000	KRX005930
19-Mar-08	591000	KRX005930
20-Mar-08	606000	KRX005930
21-Mar-08	607000	KRX005930
24-Mar-08	599000	KRX005930
25-Mar-08	610000	KRX005930
26-Mar-08	612000	KRX005930
27-Mar-08	605000	KRX005930
28-Mar-08	613000	KRX005930
31-Mar-08	623000	KRX005930
1-Apr-08	636000	KRX005930
2-Apr-08	661000	KRX005930
3-Apr-08	662000	KRX005930
4-Apr-08	650000	KRX005930
7-Apr-08	650000	KRX005930
8-Apr-08	646000	KRX005930
10-Apr-08	656000	KRX005930
11-Apr-08	680000	KRX005930
14-Apr-08	678000	KRX005930
15-Apr-08	658000	KRX005930
16-Apr-08	651000	KRX005930
17-Apr-08	661000	KRX005930
18-Apr-08	665000	KRX005930
21-Apr-08	674000	KRX005930
22-Apr-08	675000	KRX005930
23-Apr-08	653000	KRX005930
24-Apr-08	661000	KRX005930
25-Apr-08	690000	KRX005930
28-Apr-08	716000	KRX005930
29-Apr-08	710000	KRX005930
30-Apr-08	711000	KRX005930
1-May-08	711000	KRX005930
2-May-08	731000	KRX005930
5-May-08	731000	KRX005930
6-May-08	745000	KRX005930
7-May-08	741000	KRX005930
8-May-08	728000	KRX005930
9-May-08	709000	KRX005930
12-May-08	709000	KRX005930
13-May-08	735000	KRX005930
14-May-08	738000	KRX005930
15-May-08	764000	KRX005930
16-May-08	760000	KRX005930
19-May-08	728000	KRX005930
20-May-08	713000	KRX005930
21-May-08	718000	KRX005930
22-May-08	713000	KRX005930
23-May-08	707000	KRX005930
26-May-08	679000	KRX005930
27-May-08	702000	KRX005930
28-May-08	692000	KRX005930
29-May-08	730000	KRX005930
30-May-08	741000	KRX005930
2-Jun-08	726000	KRX005930
3-Jun-08	704000	KRX005930
4-Jun-08	713000	KRX005930
5-Jun-08	709000	KRX005930
6-Jun-08	709000	KRX005930
9-Jun-08	686000	KRX005930
10-Jun-08	666000	KRX005930
11-Jun-08	681000	KRX005930
12-Jun-08	663000	KRX005930
13-Jun-08	674000	KRX005930
16-Jun-08	691000	KRX005930
17-Jun-08	688000	KRX005930
18-Jun-08	704000	KRX005930
19-Jun-08	675000	KRX005930
20-Jun-08	668000	KRX005930
23-Jun-08	658000	KRX005930
24-Jun-08	659000	KRX005930
25-Jun-08	655000	KRX005930
26-Jun-08	665000	KRX005930
27-Jun-08	643000	KRX005930
30-Jun-08	625000	KRX005930
1-Jul-08	636000	KRX005930
2-Jul-08	630000	KRX005930
3-Jul-08	633000	KRX005930
4-Jul-08	616000	KRX005930
7-Jul-08	614000	KRX005930
8-Jul-08	593000	KRX005930
9-Jul-08	575000	KRX005930
10-Jul-08	560000	KRX005930
11-Jul-08	568000	KRX005930
14-Jul-08	567000	KRX005930
15-Jul-08	553000	KRX005930
16-Jul-08	561000	KRX005930
17-Jul-08	584000	KRX005930
18-Jul-08	582000	KRX005930
21-Jul-08	599000	KRX005930
22-Jul-08	590000	KRX005930
23-Jul-08	587000	KRX005930
24-Jul-08	614000	KRX005930
25-Jul-08	576000	KRX005930
28-Jul-08	560000	KRX005930
29-Jul-08	544000	KRX005930
30-Jul-08	548000	KRX005930
31-Jul-08	564000	KRX005930
1-Aug-08	565000	KRX005930
4-Aug-08	565000	KRX005930
5-Aug-08	567000	KRX005930
6-Aug-08	587000	KRX005930
7-Aug-08	578000	KRX005930
8-Aug-08	573000	KRX005930
11-Aug-08	585000	KRX005930
12-Aug-08	595000	KRX005930
13-Aug-08	587000	KRX005930
14-Aug-08	580000	KRX005930
15-Aug-08	580000	KRX005930
18-Aug-08	579000	KRX005930
19-Aug-08	564000	KRX005930
20-Aug-08	560000	KRX005930
21-Aug-08	553000	KRX005930
22-Aug-08	557000	KRX005930
25-Aug-08	560000	KRX005930
26-Aug-08	540000	KRX005930
27-Aug-08	530000	KRX005930
28-Aug-08	521000	KRX005930
29-Aug-08	516000	KRX005930
1-Sep-08	506000	KRX005930
2-Sep-08	517000	KRX005930
3-Sep-08	527000	KRX005930
4-Sep-08	514000	KRX005930
5-Sep-08	522000	KRX005930
8-Sep-08	543000	KRX005930
9-Sep-08	536000	KRX005930
10-Sep-08	542000	KRX005930
11-Sep-08	537000	KRX005930
12-Sep-08	543000	KRX005930
15-Sep-08	543000	KRX005930
16-Sep-08	525000	KRX005930
17-Sep-08	525000	KRX005930
18-Sep-08	517000	KRX005930
19-Sep-08	558000	KRX005930
22-Sep-08	558000	KRX005930
23-Sep-08	560000	KRX005930
24-Sep-08	564000	KRX005930
25-Sep-08	567000	KRX005930
26-Sep-08	553000	KRX005930
29-Sep-08	544000	KRX005930
30-Sep-08	539000	KRX005930
1-Oct-08	533000	KRX005930
2-Oct-08	528000	KRX005930
3-Oct-08	528000	KRX005930
6-Oct-08	517000	KRX005930
7-Oct-08	531000	KRX005930
8-Oct-08	528000	KRX005930
9-Oct-08	541000	KRX005930
10-Oct-08	521000	KRX005930
13-Oct-08	524000	KRX005930
14-Oct-08	560000	KRX005930
15-Oct-08	547000	KRX005930
16-Oct-08	504000	KRX005930
17-Oct-08	501000	KRX005930
20-Oct-08	521000	KRX005930
21-Oct-08	519000	KRX005930
22-Oct-08	508000	KRX005930
23-Oct-08	472500	KRX005930
24-Oct-08	402000	KRX005930
27-Oct-08	438000	KRX005930
28-Oct-08	463500	KRX005930
29-Oct-08	475000	KRX005930
30-Oct-08	537000	KRX005930
31-Oct-08	527000	KRX005930
3-Nov-08	516000	KRX005930
4-Nov-08	514000	KRX005930
5-Nov-08	515000	KRX005930
6-Nov-08	491500	KRX005930
7-Nov-08	489500	KRX005930
10-Nov-08	474500	KRX005930
11-Nov-08	470500	KRX005930
12-Nov-08	480500	KRX005930
13-Nov-08	474000	KRX005930
14-Nov-08	463000	KRX005930
17-Nov-08	450500	KRX005930
18-Nov-08	435000	KRX005930
19-Nov-08	438000	KRX005930
20-Nov-08	423000	KRX005930
21-Nov-08	444000	KRX005930
24-Nov-08	440000	KRX005930
25-Nov-08	451500	KRX005930
26-Nov-08	473000	KRX005930
27-Nov-08	485000	KRX005930
28-Nov-08	486000	KRX005930
1-Dec-08	476500	KRX005930
2-Dec-08	454000	KRX005930
3-Dec-08	441000	KRX005930
4-Dec-08	430500	KRX005930
5-Dec-08	427000	KRX005930
8-Dec-08	464000	KRX005930
9-Dec-08	469500	KRX005930
10-Dec-08	481000	KRX005930
11-Dec-08	482500	KRX005930
12-Dec-08	460500	KRX005930
15-Dec-08	472000	KRX005930
16-Dec-08	457000	KRX005930
17-Dec-08	459500	KRX005930
18-Dec-08	468000	KRX005930
19-Dec-08	489500	KRX005930
22-Dec-08	486000	KRX005930
23-Dec-08	456500	KRX005930
24-Dec-08	460000	KRX005930
25-Dec-08	460000	KRX005930
26-Dec-08	456000	KRX005930
29-Dec-08	454000	KRX005930
30-Dec-08	451000	KRX005930
31-Dec-08	451000	KRX005930
2-Jan-09	470000	KRX005930
5-Jan-09	476000	KRX005930
6-Jan-09	498000	KRX005930
7-Jan-09	524000	KRX005930
8-Jan-09	508000	KRX005930
9-Jan-09	493000	KRX005930
12-Jan-09	489500	KRX005930
13-Jan-09	491500	KRX005930
14-Jan-09	489500	KRX005930
15-Jan-09	459500	KRX005930
16-Jan-09	468000	KRX005930
19-Jan-09	475000	KRX005930
20-Jan-09	464000	KRX005930
21-Jan-09	448500	KRX005930
22-Jan-09	461000	KRX005930
23-Jan-09	442000	KRX005930
28-Jan-09	488500	KRX005930
29-Jan-09	498500	KRX005930
30-Jan-09	489000	KRX005930
2-Feb-09	473500	KRX005930
3-Feb-09	490000	KRX005930
4-Feb-09	518000	KRX005930
5-Feb-09	521000	KRX005930
6-Feb-09	545000	KRX005930
9-Feb-09	527000	KRX005930
10-Feb-09	520000	KRX005930
11-Feb-09	513000	KRX005930
12-Feb-09	520000	KRX005930
13-Feb-09	514000	KRX005930
16-Feb-09	504000	KRX005930
17-Feb-09	490500	KRX005930
18-Feb-09	478000	KRX005930
19-Feb-09	480500	KRX005930
20-Feb-09	467500	KRX005930
23-Feb-09	485000	KRX005930
24-Feb-09	467500	KRX005930
25-Feb-09	478000	KRX005930
26-Feb-09	477000	KRX005930
27-Feb-09	477000	KRX005930
2-Mar-09	462000	KRX005930
3-Mar-09	475500	KRX005930
4-Mar-09	489000	KRX005930
5-Mar-09	503000	KRX005930
6-Mar-09	500000	KRX005930
9-Mar-09	515000	KRX005930
10-Mar-09	504000	KRX005930
11-Mar-09	525000	KRX005930
12-Mar-09	536000	KRX005930
13-Mar-09	528000	KRX005930
16-Mar-09	523000	KRX005930
17-Mar-09	534000	KRX005930
18-Mar-09	540000	KRX005930
19-Mar-09	541000	KRX005930
20-Mar-09	542000	KRX005930
23-Mar-09	550000	KRX005930
24-Mar-09	559000	KRX005930
25-Mar-09	556000	KRX005930
26-Mar-09	570000	KRX005930
27-Mar-09	584000	KRX005930
30-Mar-09	567000	KRX005930
31-Mar-09	568000	KRX005930
1-Apr-09	570000	KRX005930
2-Apr-09	591000	KRX005930
3-Apr-09	593000	KRX005930
6-Apr-09	594000	KRX005930
7-Apr-09	584000	KRX005930
8-Apr-09	557000	KRX005930
9-Apr-09	580000	KRX005930
10-Apr-09	603000	KRX005930
13-Apr-09	583000	KRX005930
14-Apr-09	575000	KRX005930
15-Apr-09	585000	KRX005930
16-Apr-09	581000	KRX005930
17-Apr-09	597000	KRX005930
20-Apr-09	592000	KRX005930
21-Apr-09	591000	KRX005930
22-Apr-09	609000	KRX005930
23-Apr-09	627000	KRX005930
24-Apr-09	592000	KRX005930
27-Apr-09	585000	KRX005930
28-Apr-09	575000	KRX005930
29-Apr-09	586000	KRX005930
30-Apr-09	592000	KRX005930
4-May-09	582000	KRX005930
6-May-09	565000	KRX005930
7-May-09	566000	KRX005930
8-May-09	569000	KRX005930
11-May-09	563000	KRX005930
12-May-09	561000	KRX005930
13-May-09	560000	KRX005930
14-May-09	552000	KRX005930
15-May-09	555000	KRX005930
18-May-09	556000	KRX005930
19-May-09	570000	KRX005930
20-May-09	576000	KRX005930
21-May-09	563000	KRX005930
22-May-09	550000	KRX005930
25-May-09	545000	KRX005930
26-May-09	538000	KRX005930
27-May-09	535000	KRX005930
28-May-09	559000	KRX005930
29-May-09	558000	KRX005930
1-Jun-09	558000	KRX005930
2-Jun-09	556000	KRX005930
3-Jun-09	552000	KRX005930
4-Jun-09	555000	KRX005930
5-Jun-09	569000	KRX005930
8-Jun-09	575000	KRX005930
9-Jun-09	565000	KRX005930
10-Jun-09	587000	KRX005930
11-Jun-09	585000	KRX005930
12-Jun-09	584000	KRX005930
15-Jun-09	579000	KRX005930
16-Jun-09	565000	KRX005930
17-Jun-09	575000	KRX005930
18-Jun-09	565000	KRX005930
19-Jun-09	562000	KRX005930
22-Jun-09	575000	KRX005930
23-Jun-09	575000	KRX005930
24-Jun-09	580000	KRX005930
25-Jun-09	588000	KRX005930
26-Jun-09	596000	KRX005930
29-Jun-09	598000	KRX005930
30-Jun-09	592000	KRX005930
1-Jul-09	603000	KRX005930
2-Jul-09	602000	KRX005930
3-Jul-09	601000	KRX005930
6-Jul-09	634000	KRX005930
7-Jul-09	650000	KRX005930
8-Jul-09	655000	KRX005930
9-Jul-09	650000	KRX005930
10-Jul-09	645000	KRX005930
13-Jul-09	620000	KRX005930
14-Jul-09	634000	KRX005930
15-Jul-09	666000	KRX005930
16-Jul-09	674000	KRX005930
17-Jul-09	670000	KRX005930
20-Jul-09	690000	KRX005930
21-Jul-09	692000	KRX005930
22-Jul-09	688000	KRX005930
23-Jul-09	678000	KRX005930
24-Jul-09	683000	KRX005930
27-Jul-09	699000	KRX005930
28-Jul-09	700000	KRX005930
29-Jul-09	697000	KRX005930
30-Jul-09	714000	KRX005930
31-Jul-09	724000	KRX005930
3-Aug-09	715000	KRX005930
4-Aug-09	725000	KRX005930
5-Aug-09	733000	KRX005930
6-Aug-09	715000	KRX005930
7-Aug-09	716000	KRX005930
10-Aug-09	710000	KRX005930
11-Aug-09	705000	KRX005930
12-Aug-09	693000	KRX005930
13-Aug-09	702000	KRX005930
14-Aug-09	731000	KRX005930
17-Aug-09	713000	KRX005930
18-Aug-09	730000	KRX005930
19-Aug-09	738000	KRX005930
20-Aug-09	740000	KRX005930
21-Aug-09	757000	KRX005930
24-Aug-09	783000	KRX005930
25-Aug-09	775000	KRX005930
26-Aug-09	777000	KRX005930
27-Aug-09	767000	KRX005930
28-Aug-09	764000	KRX005930
31-Aug-09	771000	KRX005930
1-Sep-09	799000	KRX005930
2-Sep-09	784000	KRX005930
3-Sep-09	775000	KRX005930
4-Sep-09	767000	KRX005930
7-Sep-09	773000	KRX005930
8-Sep-09	781000	KRX005930
9-Sep-09	781000	KRX005930
10-Sep-09	791000	KRX005930
11-Sep-09	793000	KRX005930
14-Sep-09	764000	KRX005930
15-Sep-09	769000	KRX005930
16-Sep-09	795000	KRX005930
17-Sep-09	810000	KRX005930
18-Sep-09	806000	KRX005930
21-Sep-09	798000	KRX005930
22-Sep-09	825000	KRX005930
23-Sep-09	820000	KRX005930
24-Sep-09	803000	KRX005930
25-Sep-09	795000	KRX005930
28-Sep-09	796000	KRX005930
29-Sep-09	812000	KRX005930
30-Sep-09	815000	KRX005930
1-Oct-09	792000	KRX005930
5-Oct-09	747000	KRX005930
6-Oct-09	745000	KRX005930
7-Oct-09	722000	KRX005930
8-Oct-09	720000	KRX005930
9-Oct-09	755000	KRX005930
12-Oct-09	749000	KRX005930
13-Oct-09	757000	KRX005930
14-Oct-09	769000	KRX005930
15-Oct-09	775000	KRX005930
16-Oct-09	746000	KRX005930
19-Oct-09	751000	KRX005930
20-Oct-09	752000	KRX005930
21-Oct-09	735000	KRX005930
22-Oct-09	726000	KRX005930
23-Oct-09	745000	KRX005930
26-Oct-09	753000	KRX005930
27-Oct-09	742000	KRX005930
28-Oct-09	720000	KRX005930
29-Oct-09	718000	KRX005930
30-Oct-09	723000	KRX005930
2-Nov-09	718000	KRX005930
3-Nov-09	729000	KRX005930
4-Nov-09	733000	KRX005930
5-Nov-09	712000	KRX005930
6-Nov-09	722000	KRX005930
9-Nov-09	724000	KRX005930
10-Nov-09	727000	KRX005930
11-Nov-09	735000	KRX005930
12-Nov-09	720000	KRX005930
13-Nov-09	714000	KRX005930
16-Nov-09	733000	KRX005930
17-Nov-09	728000	KRX005930
18-Nov-09	750000	KRX005930
19-Nov-09	759000	KRX005930
20-Nov-09	755000	KRX005930
23-Nov-09	759000	KRX005930
24-Nov-09	742000	KRX005930
25-Nov-09	749000	KRX005930
26-Nov-09	743000	KRX005930
27-Nov-09	712000	KRX005930
30-Nov-09	720000	KRX005930
1-Dec-09	737000	KRX005930
2-Dec-09	747000	KRX005930
3-Dec-09	759000	KRX005930
4-Dec-09	762000	KRX005930
7-Dec-09	771000	KRX005930
8-Dec-09	772000	KRX005930
9-Dec-09	778000	KRX005930
10-Dec-09	788000	KRX005930
11-Dec-09	785000	KRX005930
14-Dec-09	779000	KRX005930
15-Dec-09	777000	KRX005930
16-Dec-09	780000	KRX005930
17-Dec-09	765000	KRX005930
18-Dec-09	773000	KRX005930
21-Dec-09	771000	KRX005930
22-Dec-09	781000	KRX005930
23-Dec-09	784000	KRX005930
24-Dec-09	790000	KRX005930
28-Dec-09	787000	KRX005930
29-Dec-09	786000	KRX005930
30-Dec-09	799000	KRX005930
4-Jan-10	809000	KRX005930
5-Jan-10	822000	KRX005930
6-Jan-10	841000	KRX005930
7-Jan-10	813000	KRX005930
8-Jan-10	821000	KRX005930
11-Jan-10	797000	KRX005930
12-Jan-10	809000	KRX005930
13-Jan-10	797000	KRX005930
14-Jan-10	827000	KRX005930
15-Jan-10	842000	KRX005930
18-Jan-10	843000	KRX005930
19-Jan-10	823000	KRX005930
20-Jan-10	834000	KRX005930
21-Jan-10	850000	KRX005930
22-Jan-10	825000	KRX005930
25-Jan-10	842000	KRX005930
26-Jan-10	815000	KRX005930
27-Jan-10	800000	KRX005930
28-Jan-10	808000	KRX005930
29-Jan-10	784000	KRX005930
1-Feb-10	777000	KRX005930
2-Feb-10	772000	KRX005930
3-Feb-10	777000	KRX005930
4-Feb-10	776000	KRX005930
5-Feb-10	750000	KRX005930
8-Feb-10	748000	KRX005930
9-Feb-10	761000	KRX005930
10-Feb-10	755000	KRX005930
11-Feb-10	763000	KRX005930
12-Feb-10	750000	KRX005930
16-Feb-10	756000	KRX005930
17-Feb-10	779000	KRX005930
18-Feb-10	775000	KRX005930
19-Feb-10	760000	KRX005930
22-Feb-10	773000	KRX005930
23-Feb-10	767000	KRX005930
24-Feb-10	752000	KRX005930
25-Feb-10	736000	KRX005930
26-Feb-10	744000	KRX005930
2-Mar-10	770000	KRX005930
3-Mar-10	771000	KRX005930
4-Mar-10	761000	KRX005930
5-Mar-10	775000	KRX005930
8-Mar-10	786000	KRX005930
9-Mar-10	786000	KRX005930
10-Mar-10	784000	KRX005930
11-Mar-10	778000	KRX005930
12-Mar-10	778000	KRX005930
15-Mar-10	768000	KRX005930
16-Mar-10	765000	KRX005930
17-Mar-10	798000	KRX005930
18-Mar-10	797000	KRX005930
19-Mar-10	804000	KRX005930
22-Mar-10	801000	KRX005930
23-Mar-10	809000	KRX005930
24-Mar-10	819000	KRX005930
25-Mar-10	819000	KRX005930
26-Mar-10	820000	KRX005930
29-Mar-10	818000	KRX005930
30-Mar-10	814000	KRX005930
31-Mar-10	818000	KRX005930
1-Apr-10	845000	KRX005930
2-Apr-10	857000	KRX005930
5-Apr-10	870000	KRX005930
6-Apr-10	869000	KRX005930
7-Apr-10	859000	KRX005930
8-Apr-10	863000	KRX005930
9-Apr-10	856000	KRX005930
12-Apr-10	830000	KRX005930
13-Apr-10	828000	KRX005930
14-Apr-10	845000	KRX005930
15-Apr-10	855000	KRX005930
16-Apr-10	848000	KRX005930
19-Apr-10	827000	KRX005930
20-Apr-10	828000	KRX005930
21-Apr-10	852000	KRX005930
22-Apr-10	841000	KRX005930
23-Apr-10	830000	KRX005930
26-Apr-10	834000	KRX005930
27-Apr-10	835000	KRX005930
28-Apr-10	825000	KRX005930
29-Apr-10	825000	KRX005930
30-Apr-10	849000	KRX005930
3-May-10	829000	KRX005930
4-May-10	834000	KRX005930
6-May-10	814000	KRX005930
7-May-10	794000	KRX005930
10-May-10	803000	KRX005930
11-May-10	791000	KRX005930
12-May-10	789000	KRX005930
13-May-10	813000	KRX005930
14-May-10	810000	KRX005930
17-May-10	784000	KRX005930
18-May-10	792000	KRX005930
19-May-10	773000	KRX005930
20-May-10	756000	KRX005930
24-May-10	758000	KRX005930
25-May-10	741000	KRX005930
26-May-10	750000	KRX005930
27-May-10	772000	KRX005930
28-May-10	778000	KRX005930
31-May-10	776000	KRX005930
1-Jun-10	768000	KRX005930
3-Jun-10	777000	KRX005930
4-Jun-10	793000	KRX005930
7-Jun-10	787000	KRX005930
8-Jun-10	785000	KRX005930
9-Jun-10	770000	KRX005930
10-Jun-10	773000	KRX005930
11-Jun-10	797000	KRX005930
14-Jun-10	807000	KRX005930
15-Jun-10	798000	KRX005930
16-Jun-10	819000	KRX005930
17-Jun-10	817000	KRX005930
18-Jun-10	822000	KRX005930
21-Jun-10	830000	KRX005930
22-Jun-10	816000	KRX005930
23-Jun-10	805000	KRX005930
24-Jun-10	820000	KRX005930
25-Jun-10	805000	KRX005930
28-Jun-10	796000	KRX005930
29-Jun-10	792000	KRX005930
30-Jun-10	774000	KRX005930
1-Jul-10	766000	KRX005930
2-Jul-10	767000	KRX005930
5-Jul-10	767000	KRX005930
6-Jul-10	775000	KRX005930
7-Jul-10	769000	KRX005930
8-Jul-10	775000	KRX005930
9-Jul-10	796000	KRX005930
12-Jul-10	802000	KRX005930
13-Jul-10	796000	KRX005930
14-Jul-10	824000	KRX005930
15-Jul-10	820000	KRX005930
16-Jul-10	802000	KRX005930
19-Jul-10	795000	KRX005930
20-Jul-10	798000	KRX005930
21-Jul-10	817000	KRX005930
22-Jul-10	808000	KRX005930
23-Jul-10	811000	KRX005930
26-Jul-10	818000	KRX005930
27-Jul-10	829000	KRX005930
28-Jul-10	837000	KRX005930
29-Jul-10	827000	KRX005930
30-Jul-10	810000	KRX005930
2-Aug-10	810000	KRX005930
3-Aug-10	815000	KRX005930
4-Aug-10	806000	KRX005930
5-Aug-10	804000	KRX005930
6-Aug-10	801000	KRX005930
9-Aug-10	802000	KRX005930
10-Aug-10	793000	KRX005930
11-Aug-10	779000	KRX005930
12-Aug-10	766000	KRX005930
13-Aug-10	781000	KRX005930
16-Aug-10	782000	KRX005930
17-Aug-10	782000	KRX005930
18-Aug-10	778000	KRX005930
19-Aug-10	789000	KRX005930
20-Aug-10	784000	KRX005930
23-Aug-10	790000	KRX005930
24-Aug-10	783000	KRX005930
25-Aug-10	772000	KRX005930
26-Aug-10	773000	KRX005930
27-Aug-10	766000	KRX005930
30-Aug-10	776000	KRX005930
31-Aug-10	756000	KRX005930
1-Sep-10	752000	KRX005930
2-Sep-10	759000	KRX005930
3-Sep-10	761000	KRX005930
6-Sep-10	780000	KRX005930
7-Sep-10	788000	KRX005930
8-Sep-10	771000	KRX005930
9-Sep-10	756000	KRX005930
10-Sep-10	766000	KRX005930
13-Sep-10	770000	KRX005930
14-Sep-10	760000	KRX005930
15-Sep-10	757000	KRX005930
16-Sep-10	757000	KRX005930
17-Sep-10	773000	KRX005930
20-Sep-10	780000	KRX005930
24-Sep-10	762000	KRX005930
27-Sep-10	755000	KRX005930
28-Sep-10	745000	KRX005930
29-Sep-10	772000	KRX005930
30-Sep-10	777000	KRX005930
1-Oct-10	777000	KRX005930
4-Oct-10	780000	KRX005930
5-Oct-10	773000	KRX005930
6-Oct-10	793000	KRX005930
7-Oct-10	770000	KRX005930
8-Oct-10	758000	KRX005930
11-Oct-10	753000	KRX005930
12-Oct-10	746000	KRX005930
13-Oct-10	744000	KRX005930
14-Oct-10	750000	KRX005930
15-Oct-10	754000	KRX005930
18-Oct-10	751000	KRX005930
19-Oct-10	741000	KRX005930
20-Oct-10	745000	KRX005930
21-Oct-10	765000	KRX005930
22-Oct-10	777000	KRX005930
25-Oct-10	771000	KRX005930
26-Oct-10	763000	KRX005930
27-Oct-10	753000	KRX005930
28-Oct-10	764000	KRX005930
29-Oct-10	745000	KRX005930
1-Nov-10	747000	KRX005930
2-Nov-10	740000	KRX005930
3-Nov-10	740000	KRX005930
4-Nov-10	763000	KRX005930
5-Nov-10	776000	KRX005930
8-Nov-10	778000	KRX005930
9-Nov-10	774000	KRX005930
10-Nov-10	790000	KRX005930
11-Nov-10	767000	KRX005930
12-Nov-10	778000	KRX005930
15-Nov-10	808000	KRX005930
16-Nov-10	811000	KRX005930
17-Nov-10	795000	KRX005930
18-Nov-10	799000	KRX005930
19-Nov-10	818000	KRX005930
22-Nov-10	848000	KRX005930
23-Nov-10	840000	KRX005930
24-Nov-10	851000	KRX005930
25-Nov-10	845000	KRX005930
26-Nov-10	837000	KRX005930
29-Nov-10	836000	KRX005930
30-Nov-10	826000	KRX005930
1-Dec-10	820000	KRX005930
2-Dec-10	859000	KRX005930
3-Dec-10	894000	KRX005930
6-Dec-10	890000	KRX005930
7-Dec-10	901000	KRX005930
8-Dec-10	888000	KRX005930
9-Dec-10	917000	KRX005930
10-Dec-10	919000	KRX005930
13-Dec-10	930000	KRX005930
14-Dec-10	929000	KRX005930
15-Dec-10	916000	KRX005930
16-Dec-10	911000	KRX005930
17-Dec-10	926000	KRX005930
20-Dec-10	932000	KRX005930
21-Dec-10	936000	KRX005930
22-Dec-10	939000	KRX005930
23-Dec-10	936000	KRX005930
24-Dec-10	925000	KRX005930
27-Dec-10	922000	KRX005930
28-Dec-10	938000	KRX005930
29-Dec-10	945000	KRX005930
30-Dec-10	949000	KRX005930
3-Jan-11	958000	KRX005930
4-Jan-11	958000	KRX005930
5-Jan-11	942000	KRX005930
6-Jan-11	930000	KRX005930
7-Jan-11	921000	KRX005930
10-Jan-11	917000	KRX005930
11-Jan-11	913000	KRX005930
12-Jan-11	930000	KRX005930
13-Jan-11	922000	KRX005930
14-Jan-11	933000	KRX005930
17-Jan-11	949000	KRX005930
18-Jan-11	969000	KRX005930
19-Jan-11	997000	KRX005930
20-Jan-11	982000	KRX005930
21-Jan-11	971000	KRX005930
24-Jan-11	971000	KRX005930
25-Jan-11	975000	KRX005930
26-Jan-11	998000	KRX005930
27-Jan-11	994000	KRX005930
28-Jan-11	1010000	KRX005930
31-Jan-11	981000	KRX005930
1-Feb-11	983000	KRX005930
7-Feb-11	972000	KRX005930
8-Feb-11	961000	KRX005930
9-Feb-11	960000	KRX005930
10-Feb-11	936000	KRX005930
11-Feb-11	915000	KRX005930
14-Feb-11	953000	KRX005930
15-Feb-11	958000	KRX005930
16-Feb-11	945000	KRX005930
17-Feb-11	954000	KRX005930
18-Feb-11	960000	KRX005930
21-Feb-11	948000	KRX005930
22-Feb-11	938000	KRX005930
23-Feb-11	930000	KRX005930
24-Feb-11	929000	KRX005930
25-Feb-11	926000	KRX005930
28-Feb-11	923000	KRX005930
2-Mar-11	918000	KRX005930
3-Mar-11	923000	KRX005930
4-Mar-11	945000	KRX005930
7-Mar-11	906000	KRX005930
8-Mar-11	899000	KRX005930
9-Mar-11	890000	KRX005930
10-Mar-11	866000	KRX005930
11-Mar-11	862000	KRX005930
14-Mar-11	900000	KRX005930
15-Mar-11	860000	KRX005930
16-Mar-11	886000	KRX005930
17-Mar-11	890000	KRX005930
18-Mar-11	891000	KRX005930
21-Mar-11	890000	KRX005930
22-Mar-11	875000	KRX005930
23-Mar-11	873000	KRX005930
24-Mar-11	880000	KRX005930
25-Mar-11	910000	KRX005930
28-Mar-11	916000	KRX005930
29-Mar-11	916000	KRX005930
30-Mar-11	926000	KRX005930
31-Mar-11	932000	KRX005930
1-Apr-11	940000	KRX005930
4-Apr-11	945000	KRX005930
5-Apr-11	945000	KRX005930
6-Apr-11	923000	KRX005930
7-Apr-11	909000	KRX005930
8-Apr-11	898000	KRX005930
11-Apr-11	894000	KRX005930
12-Apr-11	882000	KRX005930
13-Apr-11	901000	KRX005930
14-Apr-11	900000	KRX005930
15-Apr-11	888000	KRX005930
18-Apr-11	867000	KRX005930
19-Apr-11	875000	KRX005930
20-Apr-11	916000	KRX005930
21-Apr-11	928000	KRX005930
22-Apr-11	904000	KRX005930
25-Apr-11	889000	KRX005930
26-Apr-11	897000	KRX005930
27-Apr-11	924000	KRX005930
28-Apr-11	900000	KRX005930
29-Apr-11	893000	KRX005930
2-May-11	932000	KRX005930
3-May-11	938000	KRX005930
4-May-11	915000	KRX005930
6-May-11	899000	KRX005930
9-May-11	891000	KRX005930
11-May-11	892000	KRX005930
12-May-11	885000	KRX005930
13-May-11	916000	KRX005930
16-May-11	901000	KRX005930
17-May-11	890000	KRX005930
18-May-11	893000	KRX005930
19-May-11	880000	KRX005930
20-May-11	882000	KRX005930
23-May-11	873000	KRX005930
24-May-11	865000	KRX005930
25-May-11	856000	KRX005930
26-May-11	879000	KRX005930
27-May-11	891000	KRX005930
30-May-11	884000	KRX005930
31-May-11	902000	KRX005930
1-Jun-11	911000	KRX005930
2-Jun-11	883000	KRX005930
3-Jun-11	885000	KRX005930
7-Jun-11	887000	KRX005930
8-Jun-11	877000	KRX005930
9-Jun-11	865000	KRX005930
10-Jun-11	851000	KRX005930
13-Jun-11	853000	KRX005930
14-Jun-11	863000	KRX005930
15-Jun-11	865000	KRX005930
16-Jun-11	848000	KRX005930
17-Jun-11	819000	KRX005930
20-Jun-11	800000	KRX005930
21-Jun-11	814000	KRX005930
22-Jun-11	826000	KRX005930
23-Jun-11	831000	KRX005930
24-Jun-11	852000	KRX005930
27-Jun-11	835000	KRX005930
28-Jun-11	832000	KRX005930
29-Jun-11	833000	KRX005930
30-Jun-11	826000	KRX005930
1-Jul-11	855000	KRX005930
4-Jul-11	878000	KRX005930
5-Jul-11	899000	KRX005930
6-Jul-11	898000	KRX005930
7-Jul-11	880000	KRX005930
8-Jul-11	885000	KRX005930
11-Jul-11	865000	KRX005930
12-Jul-11	850000	KRX005930
13-Jul-11	843000	KRX005930
14-Jul-11	831000	KRX005930
15-Jul-11	832000	KRX005930
18-Jul-11	813000	KRX005930
19-Jul-11	822000	KRX005930
20-Jul-11	851000	KRX005930
21-Jul-11	842000	KRX005930
22-Jul-11	850000	KRX005930
25-Jul-11	847000	KRX005930
26-Jul-11	850000	KRX005930
27-Jul-11	845000	KRX005930
28-Jul-11	837000	KRX005930
29-Jul-11	844000	KRX005930
1-Aug-11	870000	KRX005930
2-Aug-11	852000	KRX005930
3-Aug-11	833000	KRX005930
4-Aug-11	821000	KRX005930
5-Aug-11	789000	KRX005930
8-Aug-11	760000	KRX005930
9-Aug-11	724000	KRX005930
10-Aug-11	720000	KRX005930
11-Aug-11	708000	KRX005930
12-Aug-11	707000	KRX005930
16-Aug-11	750000	KRX005930
17-Aug-11	752000	KRX005930
18-Aug-11	709000	KRX005930
19-Aug-11	680000	KRX005930
22-Aug-11	691000	KRX005930
23-Aug-11	723000	KRX005930
24-Aug-11	708000	KRX005930
25-Aug-11	725000	KRX005930
26-Aug-11	726000	KRX005930
29-Aug-11	733000	KRX005930
30-Aug-11	742000	KRX005930
31-Aug-11	744000	KRX005930
1-Sep-11	771000	KRX005930
2-Sep-11	769000	KRX005930
5-Sep-11	731000	KRX005930
6-Sep-11	727000	KRX005930
7-Sep-11	773000	KRX005930
8-Sep-11	798000	KRX005930
9-Sep-11	780000	KRX005930
14-Sep-11	753000	KRX005930
15-Sep-11	771000	KRX005930
16-Sep-11	798000	KRX005930
19-Sep-11	808000	KRX005930
20-Sep-11	811000	KRX005930
21-Sep-11	813000	KRX005930
22-Sep-11	790000	KRX005930
23-Sep-11	758000	KRX005930
26-Sep-11	775000	KRX005930
27-Sep-11	804000	KRX005930
28-Sep-11	807000	KRX005930
29-Sep-11	837000	KRX005930
30-Sep-11	840000	KRX005930
4-Oct-11	828000	KRX005930
5-Oct-11	842000	KRX005930
6-Oct-11	855000	KRX005930
7-Oct-11	860000	KRX005930
10-Oct-11	874000	KRX005930
11-Oct-11	881000	KRX005930
12-Oct-11	898000	KRX005930
13-Oct-11	890000	KRX005930
14-Oct-11	886000	KRX005930
17-Oct-11	890000	KRX005930
18-Oct-11	883000	KRX005930
19-Oct-11	886000	KRX005930
20-Oct-11	907000	KRX005930
21-Oct-11	917000	KRX005930
24-Oct-11	941000	KRX005930
25-Oct-11	945000	KRX005930
26-Oct-11	934000	KRX005930
27-Oct-11	924000	KRX005930
28-Oct-11	945000	KRX005930
31-Oct-11	968000	KRX005930
1-Nov-11	990000	KRX005930
2-Nov-11	971000	KRX005930
3-Nov-11	967000	KRX005930
4-Nov-11	1005000	KRX005930
7-Nov-11	993000	KRX005930
8-Nov-11	970000	KRX005930
9-Nov-11	985000	KRX005930
10-Nov-11	935000	KRX005930
11-Nov-11	983000	KRX005930
14-Nov-11	996000	KRX005930
15-Nov-11	996000	KRX005930
16-Nov-11	975000	KRX005930
17-Nov-11	980000	KRX005930
18-Nov-11	963000	KRX005930
21-Nov-11	950000	KRX005930
22-Nov-11	963000	KRX005930
23-Nov-11	935000	KRX005930
24-Nov-11	943000	KRX005930
25-Nov-11	947000	KRX005930
28-Nov-11	978000	KRX005930
29-Nov-11	1005000	KRX005930
30-Nov-11	1004000	KRX005930
1-Dec-11	1074000	KRX005930
2-Dec-11	1050000	KRX005930
5-Dec-11	1066000	KRX005930
6-Dec-11	1044000	KRX005930
7-Dec-11	1056000	KRX005930
8-Dec-11	1064000	KRX005930
9-Dec-11	1053000	KRX005930
12-Dec-11	1084000	KRX005930
13-Dec-11	1050000	KRX005930
14-Dec-11	1040000	KRX005930
15-Dec-11	1015000	KRX005930
16-Dec-11	1045000	KRX005930
19-Dec-11	1007000	KRX005930
20-Dec-11	1012000	KRX005930
21-Dec-11	1057000	KRX005930
22-Dec-11	1052000	KRX005930
23-Dec-11	1068000	KRX005930
26-Dec-11	1066000	KRX005930
27-Dec-11	1073000	KRX005930
28-Dec-11	1061000	KRX005930
29-Dec-11	1058000	KRX005930
2-Jan-12	1058000	KRX005930